topic_id,rank,text
-1,1,LLMs Have Rhythm: Fingerprinting Large Language Models Using Inter-Token Times and Network Traffic Analysis As Large Language Models (LLMs) become increasingly integrated into many technological ecosy
-1,2,Evolution without Large Models: Training Language Model with Task Principles A common training approach for language models involves using a large-scale language model to expand a human-provided datas
-1,3,"Data Distillation for Text Classification Deep learning techniques have achieved great success in many fields, while at the same time deep learning models are getting more complex and expensive to com"
0,1,Policy-Driven World Model Adaptation for Robust Offline Model-based Reinforcement Learning Offline reinforcement learning (RL) offers a powerful paradigm for data-driven control. Compared to model-fre
0,2,"Scenario-Based Hierarchical Reinforcement Learning for Automated Driving Decision Making Developing decision-making algorithms for highly automated driving systems remains challenging, since these sys"
0,3,Hierarchical Framework for Interpretable and Probabilistic Model-Based Safe Reinforcement Learning The difficulty of identifying the physical model of complex systems has led to exploring methods that
1,1,On the Effect of Purely Synthetic Training Data for Different Automatic Speech Recognition Architectures In this work we evaluate the utility of synthetic data for training automatic speech recognitio
1,2,"Explore the Reinforcement Learning for the LLM based ASR and TTS system In recent years, large language models (LLMs) have played an important role in automatic speech recognition (ASR) and text-to-sp"
1,3,"On decoder-only architecture for speech-to-text and large language model integration Large language models (LLMs) have achieved remarkable success in the field of natural language processing, enabling"
2,1,What's in the Image? A Deep-Dive into the Vision of Vision Language Models Vision-Language Models (VLMs) have recently demonstrated remarkable capabilities in comprehending complex visual content. How
2,2,"Rethinking Chain-of-Thought Reasoning for Videos Chain-of-thought (CoT) reasoning has been highly successful in solving complex tasks in natural language processing, and recent multimodal large langua"
2,3,"The Revolution of Multimodal Large Language Models: A Survey Connecting text and visual modalities plays an essential role in generative intelligence. For this reason, inspired by the success of large"
3,1,"Question Decomposition Improves the Faithfulness of Model-Generated Reasoning As large language models (LLMs) perform more difficult tasks, it becomes harder to verify the correctness and safety of th"
3,2,"Reasoning Beyond Chain-of-Thought: A Latent Computational Mode in Large Language Models Chain-of-Thought (CoT) prompting has improved the reasoning performance of large language models (LLMs), but it "
3,3,When Actions Teach You to Think: Reasoning-Action Synergy via Reinforcement Learning in Conversational Agents Supervised fine-tuning (SFT) has emerged as one of the most effective ways to improve the 
4,1,"Know3-RAG: A Knowledge-aware RAG Framework with Adaptive Retrieval, Generation, and Filtering Recent advances in large language models (LLMs) have led to impressive progress in natural language genera"
4,2,"Fact, Fetch, and Reason: A Unified Evaluation of Retrieval-Augmented Generation Large Language Models (LLMs) have demonstrated significant performance improvements across various cognitive tasks. An e"
4,3,Parametric Retrieval Augmented Generation Retrieval-augmented generation (RAG) techniques have emerged as a promising solution to enhance the reliability of large language models (LLMs) by addressing 
5,1,LAPA-based Dynamic Privacy Optimization for Wireless Federated Learning in Heterogeneous Environments Federated Learning (FL) is a distributed machine learning paradigm based on protecting data privac
5,2,"Enhancing Federated Learning Through Secure Cluster-Weighted Client Aggregation Federated learning (FL) has emerged as a promising paradigm in machine learning, enabling collaborative model training a"
5,3,Privacy and Accuracy Implications of Model Complexity and Integration in Heterogeneous Federated Learning Federated Learning (FL) has been proposed as a privacy-preserving solution for distributed mac
6,1,Could We Have Had Better Multilingual LLMs If English Was Not the Central Language? Large Language Models (LLMs) demonstrate strong machine translation capabilities on languages they are trained on. H
6,2,"Evaluating the Translation Performance of Large Language Models Based on Euas-20 In recent years, with the rapid development of deep learning technology, large language models (LLMs) such as BERT and "
6,3,"Is Robustness Transferable across Languages in Multilingual Neural Machine Translation? Robustness, the ability of models to maintain performance in the face of perturbations, is critical for developi"
7,1,"Developing ChatGPT for Biology and Medicine: A Complete Review of Biomedical Question Answering ChatGPT explores a strategic blueprint of question answering (QA) in delivering medical diagnosis, treat"
7,2,"Automated Construction of Medical Indicator Knowledge Graphs Using Retrieval Augmented Large Language Models Artificial intelligence (AI) is reshaping modern healthcare by advancing disease diagnosis,"
7,3,"A Survey of Large Language Models in Medicine: Progress, Application, and Challenge Large language models (LLMs), such as ChatGPT, have received substantial attention due to their capabilities for und"
8,1,"ReACC: A Retrieval-Augmented Code Completion Framework Code completion, which aims to predict the following code token(s) according to the code context, can improve the productivity of software develo"
8,2,Prompting Techniques for Secure Code Generation: A Systematic Investigation Large Language Models (LLMs) are gaining momentum in software development with prompt-driven programming enabling developers
8,3,CodeLMSec Benchmark: Systematically Evaluating and Finding Security Vulnerabilities in Black-Box Code Language Models Large language models (LLMs) for automatic code generation have achieved breakthro
9,1,DELTA: Dynamic Layer-Aware Token Attention for Efficient Long-Context Reasoning Large reasoning models (LRMs) achieve state-of-the-art performance on challenging benchmarks by generating long chains o
9,2,"A Training-free Sub-quadratic Cost Transformer Model Serving Framework With Hierarchically Pruned Attention In modern large language models (LLMs), increasing the context length is crucial for improvi"
9,3,Training-free Context-adaptive Attention for Efficient Long Context Modeling Large Language Models (LLMs) have demonstrated remarkable capabilities across a wide range of natural language processing t
10,1,Improving Speech-based Emotion Recognition with Contextual Utterance Analysis and LLMs Speech Emotion Recognition (SER) focuses on identifying emotional states from spoken language. The 2024 IEEE SLT-
10,2,An Empirical Study and Improvement for Speech Emotion Recognition Multimodal speech emotion recognition aims to detect speakers' emotions from audio and text. Prior works mainly focus on exploiting ad
10,3,Multimodal Emotion Recognition with High-level Speech and Text Features Automatic emotion recognition is one of the central concerns of the Human-Computer Interaction field as it can bridge the gap be
11,1,"ARLED: Leveraging LED-based ARMAN Model for Abstractive Summarization of Persian Long Documents The increasing volume of textual data poses challenges in reading and comprehending large documents, par"
11,2,"On the State of German (Abstractive) Text Summarization With recent advancements in the area of Natural Language Processing, the focus is slowly shifting from a purely English-centric view towards mor"
11,3,"Survey on Abstractive Text Summarization: Dataset, Models, and Metrics The advancements in deep learning, particularly the introduction of transformers, have been pivotal in enhancing various natural "
12,1,Robust Preference Optimization through Reward Model Distillation Language model (LM) post-training (or alignment) involves maximizing a reward function that is derived from preference annotations. Dir
12,2,"Optimizing LLMs with Direct Preferences: A Data Efficiency Perspective Aligning the output of Large Language Models (LLMs) with human preferences (e.g., by means of reinforcement learning with human f"
12,3,Learning Reward and Policy Jointly from Demonstration and Preference Improves Alignment Aligning human preference and value is an important requirement for building contemporary foundation models and 
13,1,"Multimodal Fake News Detection Over the last years, there has been an unprecedented proliferation of fake news. As a consequence, we are more susceptible to the pernicious impact that misinformation a"
13,2,Hierarchical Sentiment Analysis Framework for Hate Speech Detection: Implementing Binary and Multiclass Classification Strategy A significant challenge in automating hate speech detection on social me
13,3,"It's All in the Embedding! Fake News Detection Using Document Embeddings With the current shift in the mass media landscape from journalistic rigor to social media, personalized social media is becomi"
14,1,"Bi-level Contrastive Learning for Knowledge-Enhanced Molecule Representations Molecular representation learning is vital for various downstream applications, including the analysis and prediction of m"
14,2,Scalable Fragment-Based 3D Molecular Design with Reinforcement Learning Machine learning has the potential to automate molecular design and drastically accelerate the discovery of new functional compo
14,3,"$\text{M}^{2}$LLM: Multi-view Molecular Representation Learning with Large Language Models Accurate molecular property prediction is a critical challenge with wide-ranging applications in chemistry, m"
15,1,Learning Heterogeneous Temporal Patterns of User Preference for Timely Recommendation Recommender systems have achieved great success in modeling user's preferences on items and predicting the next it
15,2,"Multi-Perspective Attention Mechanism for Bias-Aware Sequential Recommendation In the era of advancing information technology, recommender systems have emerged as crucial tools for dealing with inform"
15,3,"Fisher-Weighted Merge of Contrastive Learning Models in Sequential Recommendation Along with the exponential growth of online platforms and services, recommendation systems have become essential for i"
16,1,"DETR3D: 3D Object Detection from Multi-view Images via 3D-to-2D Queries We introduce a framework for multi-camera 3D object detection. In contrast to existing works, which estimate 3D bounding boxes d"
16,2,An Effective Loss Function for Generating 3D Models from Single 2D Image without Rendering Differentiable rendering is a very successful technique that applies to a Single-View 3D Reconstruction. Curr
16,3,3D-SceneDreamer: Text-Driven 3D-Consistent Scene Generation Text-driven 3D scene generation techniques have made rapid progress in recent years. Their success is mainly attributed to using existing ge
17,1,Embracing AI in Education: Understanding the Surge in Large Language Model Use by Secondary Students The impressive essay writing and problem-solving capabilities of large language models (LLMs) like 
17,2,"Learning to Use AI for Learning: Teaching Responsible Use of AI Chatbot to K-12 Students Through an AI Literacy Module As Artificial Intelligence (AI) becomes increasingly integrated into daily life, "
17,3,"Smart tutor to provide feedback in programming courses Artificial Intelligence (AI) is becoming more and more popular as time passes, allowing to perform tasks that were difficult to do in the past. F"
18,1,A Prompt-Based Knowledge Graph Foundation Model for Universal In-Context Reasoning Extensive knowledge graphs (KGs) have been constructed to facilitate knowledge-driven tasks across various scenarios.
18,2,KaLM: Knowledge-aligned Autoregressive Language Modeling via Dual-view Knowledge Graph Contrastive Learning Autoregressive large language models (LLMs) pre-trained by next token prediction are inheren
18,3,Edge: Enriching Knowledge Graph Embeddings with External Text Knowledge graphs suffer from sparsity which degrades the quality of representations generated by various methods. While there is an abunda
19,1,Beyond Task Completion: An Assessment Framework for Evaluating Agentic AI Systems Recent advances in agentic AI have shifted the focus from standalone Large Language Models (LLMs) to integrated system
19,2,"Agentic Artificial Intelligence (AI): Architectures, Taxonomies, and Evaluation of Large Language Model Agents Artificial Intelligence is moving from models that only generate text to Agentic AI, wher"
19,3,"A Survey on (M)LLM-Based GUI Agents Graphical User Interface (GUI) Agents have emerged as a transformative paradigm in human-computer interaction, evolving from rule-based automation scripts to sophis"
20,1,"Responsible Artificial Intelligence -- from Principles to Practice The impact of Artificial Intelligence does not depend only on fundamental research and technological developments, but for a large pa"
20,2,Putting AI Ethics into Practice: The Hourglass Model of Organizational AI Governance The organizational use of artificial intelligence (AI) has rapidly spread across various sectors. Alongside the awa
20,3,"Trustworthy AI: From Principles to Practices The rapid development of Artificial Intelligence (AI) technology has enabled the deployment of various systems based on it. However, many current AI system"
21,1,Graph Alignment for Benchmarking Graph Neural Networks and Learning Positional Encodings We propose a novel benchmarking methodology for graph neural networks (GNNs) based on the graph alignment probl
21,2,Graphs Unveiled: Graph Neural Networks and Graph Generation One of the hot topics in machine learning is the field of GNN. The complexity of graph data has imposed significant challenges on existing m
21,3,"Graph Attention for Heterogeneous Graphs with Positional Encoding Graph Neural Networks (GNNs) have emerged as the de facto standard for modeling graph data, with attention mechanisms and transformers"
22,1,Towards Faithful Explanations for Text Classification with Robustness Improvement and Explanation Guided Training Feature attribution methods highlight the important input tokens as explanations to mo
22,2,A survey on improving NLP models with human explanations Training a model with access to human explanations can improve data efficiency and model performance on in- and out-of-domain data. Adding to t
22,3,Human-Centered Concept Explanations for Neural Networks Understanding complex machine learning models such as deep neural networks with explanations is crucial in various applications. Many explanatio
23,1,On the Effect of Adversarial Training Against Invariance-based Adversarial Examples Adversarial examples are carefully crafted attack points that are supposed to fool machine learning classifiers. In 
23,2,"Fortify the Guardian, Not the Treasure: Resilient Adversarial Detectors This paper presents RADAR-Robust Adversarial Detection via Adversarial Retraining-an approach designed to enhance the robustness"
23,3,Scoring Black-Box Models for Adversarial Robustness Deep neural networks are susceptible to adversarial inputs and various methods have been proposed to defend these models against adversarial attacks
24,1,Inter-Series Transformer: Attending to Products in Time Series Forecasting Time series forecasting is an important task in many fields ranging from supply chain management to weather forecasting. Rece
24,2,"BALM-TSF: Balanced Multimodal Alignment for LLM-Based Time Series Forecasting Time series forecasting is a long-standing and highly challenging research topic. Recently, driven by the rise of large la"
24,3,Time Series Forecasting with LLMs: Understanding and Enhancing Model Capabilities Large language models (LLMs) have been applied in many fields and have developed rapidly in recent years. As a classic
25,1,Enhancing Dialogue State Tracking Models through LLM-backed User-Agents Simulation Dialogue State Tracking (DST) is designed to monitor the evolving dialogue state in the conversations and plays a piv
25,2,Dialogue State Tracking with Multi-Level Fusion of Predicted Dialogue States and Conversations Most recently proposed approaches in dialogue state tracking (DST) leverage the context and the last dial
25,3,"Training Dialogue Systems by AI Feedback for Improving Overall Dialogue Impression To improve user engagement during conversations with dialogue systems, we must improve individual dialogue responses "
26,1,UNetFormer: A Unified Vision Transformer Model and Pre-Training Framework for 3D Medical Image Segmentation Vision Transformers (ViT)s have recently become popular due to their outstanding modeling ca
26,2,Transfer learning from a sparsely annotated dataset of 3D medical images Transfer learning leverages pre-trained model features from a large dataset to save time and resources when training new models
26,3,"Towards to Robust and Generalized Medical Image Segmentation Framework Deep learning-based computer-aided diagnosis is gradually deployed to review and analyze medical images. However, this paradigm i"
27,1,"Facial Forgery-based Deepfake Detection using Fine-Grained Features Facial forgery by deepfakes has caused major security risks and raised severe societal concerns. As a countermeasure, a number of de"
27,2,"De-Fake: Style based Anomaly Deepfake Detection Detecting deepfakes involving face-swaps presents a significant challenge, particularly in real-world scenarios where anyone can perform face-swapping w"
27,3,Contrasting Deepfakes Diffusion via Contrastive Learning and Global-Local Similarities Discerning between authentic content and that generated by advanced AI methods has become increasingly challengin
28,1,Unveiling Gender Bias in Terms of Profession Across LLMs: Analyzing and Addressing Sociological Implications Gender bias in artificial intelligence (AI) and natural language processing has garnered si
28,2,Exploring and Mitigating Gender Bias in Encoder-Based Transformer Models Gender bias in language models has gained increasing attention in the field of natural language processing. Encoder-based trans
28,3,A Survey on Gender Bias in Natural Language Processing Language can be used as a means of reproducing and enforcing harmful stereotypes and biases and has been analysed as such in numerous research. I
29,1,"Instruct-FinGPT: Financial Sentiment Analysis by Instruction Tuning of General-Purpose Large Language Models Sentiment analysis is a vital tool for uncovering insights from financial articles, news, a"
29,2,"Tracking Turbulence Through Financial News During COVID-19 Grave human toll notwithstanding, the COVID-19 pandemic created uniquely unstable conditions in financial markets. In this work we uncover an"
29,3,AlphaFin: Benchmarking Financial Analysis with Retrieval-Augmented Stock-Chain Framework The task of financial analysis primarily encompasses two key areas: stock trend prediction and the correspondin
30,1,Online Training and Pruning of Deep Reinforcement Learning Networks Scaling deep neural networks (NN) of reinforcement learning (RL) algorithms has been shown to enhance performance when feature extra
30,2,"Experiments on Properties of Hidden Structures of Sparse Neural Networks Sparsity in the structure of Neural Networks can lead to less energy consumption, less memory usage, faster computation times o"
30,3,"Neural Network Pruning by Gradient Descent The rapid increase in the parameters of deep learning models has led to significant costs, challenging computational efficiency and model interpretability. I"
31,1,"A White Paper on Neural Network Quantization While neural networks have advanced the frontiers in many applications, they often come at a high computational cost. Reducing the power and latency of neu"
31,2,Optimizing Large Language Models through Quantization: A Comparative Analysis of PTQ and QAT Techniques This paper presents a comprehensive analysis of quantization techniques for optimizing Large Lan
31,3,"Binary Neural Networks for Large Language Model: A Survey Large language models (LLMs) have wide applications in the field of natural language processing(NLP), such as GPT-4 and Llama. However, with t"
32,1,"A Short Survey of Viewing Large Language Models in Legal Aspect Large language models (LLMs) have transformed many fields, including natural language processing, computer vision, and reinforcement lea"
32,2,"Evaluation of Large Language Models in Legal Applications: Challenges, Methods, and Future Directions Large language models (LLMs) are being increasingly integrated into legal applications, including "
32,3,"Legal Evalutions and Challenges of Large Language Models In this paper, we review legal testing methods based on Large Language Models (LLMs), using the OPENAI o1 model as a case study to evaluate the"
33,1,Classical surrogates for quantum learning models The advent of noisy intermediate-scale quantum computers has put the search for possible applications to the forefront of quantum information science. 
33,2,Shadows of quantum machine learning Quantum machine learning is often highlighted as one of the most promising practical applications for which quantum computers could provide a computational advantag
33,3,Scalable Quantum Neural Networks for Classification Many recent machine learning tasks resort to quantum computing to improve classification accuracy and training efficiency by taking advantage of qua
34,1,"Learning General Representation of 12-Lead Electrocardiogram with a Joint-Embedding Predictive Architecture Electrocardiogram (ECG) captures the heart's electrical signals, offering valuable informati"
34,2,"An Electrocardiogram Multi-task Benchmark with Comprehensive Evaluations and Insightful Findings In the process of patient diagnosis, non-invasive measurements are widely used due to their low risks a"
34,3,"Electrocardiogram (ECG) Based Cardiac Arrhythmia Detection and Classification using Machine Learning Algorithms The rapid advancements in Artificial Intelligence, specifically Machine Learning (ML) an"
35,1,Preference-conditioned Pixel-based AI Agent For Game Testing The game industry is challenged to cope with increasing growth in demand and game complexity while maintaining acceptable quality standards
35,2,A Survey on Large Language Model-Based Social Agents in Game-Theoretic Scenarios Game-theoretic scenarios have become pivotal in evaluating the social intelligence of Large Language Model (LLM)-based 
35,3,"LLMs May Not Be Human-Level Players, But They Can Be Testers: Measuring Game Difficulty with LLM Agents Recent advances in Large Language Models (LLMs) have demonstrated their potential as autonomous "
36,1,"Learning Structural Causal Models from Ordering: Identifiable Flow Models In this study, we address causal inference when only observational data and a valid causal ordering from the causal graph are "
36,2,"Causal Agent based on Large Language Model The large language model (LLM) has achieved significant success across various domains. However, the inherent complexity of causal problems and causal theory"
36,3,"Active Bayesian Causal Inference Causal discovery and causal reasoning are classically treated as separate and consecutive tasks: one first infers the causal graph, and then uses it to estimate causal"
37,1,Physics-informed attention-based neural network for solving non-linear partial differential equations Physics-Informed Neural Networks (PINNs) have enabled significant improvements in modelling physic
37,2,Meta-Auto-Decoder for Solving Parametric Partial Differential Equations Many important problems in science and engineering require solving the so-called parametric partial differential equations (PDEs
37,3,Adaptive Physics-informed Neural Networks: A Survey Physics-informed neural networks (PINNs) have emerged as a promising approach to solving partial differential equations (PDEs) using neural networks
38,1,Detecting and Mitigating Hallucination in Large Vision Language Models via Fine-Grained AI Feedback The rapidly developing Large Vision Language Models (LVLMs) have shown notable capabilities on a ran
38,2,"A Survey on Hallucination in Large Language Models: Principles, Taxonomy, Challenges, and Open Questions The emergence of large language models (LLMs) has marked a significant breakthrough in natural "
38,3,"The Dawn After the Dark: An Empirical Study on Factuality Hallucination in Large Language Models In the era of large language models (LLMs), hallucination (i.e., the tendency to generate factually inc"
39,1,"Decoding Natural Images from EEG for Object Recognition Electroencephalography (EEG) signals, known for convenient non-invasive acquisition but low signal-to-noise ratio, have recently gained substant"
39,2,Towards Linguistic Neural Representation Learning and Sentence Retrieval from Electroencephalogram Recordings Decoding linguistic information from non-invasive brain signals using EEG has gained incre
39,3,"Synthetic EEG Generation using Diffusion Models for Motor Imagery Tasks Electroencephalography (EEG) is a widely used, non-invasive method for capturing brain activity, and is particularly relevant fo"
40,1,DomainInv: Domain Invariant Fine Tuning and Adversarial Label Correction For QA Domain Adaptation Existing Question Answering (QA) systems limited by the capability of answering questions from unseen 
40,2,"Deep Unsupervised Domain Adaptation: A Review of Recent Advances and Perspectives Deep learning has become the method of choice to tackle real-world problems in different domains, partly because of it"
40,3,Distributionally Robust Classification for Multi-source Unsupervised Domain Adaptation Unsupervised domain adaptation (UDA) is a statistical learning problem when the distribution of training (source)
41,1,"Diffusion Models in Low-Level Vision: A Survey Deep generative models have garnered significant attention in low-level vision tasks due to their generative capabilities. Among them, diffusion model-ba"
41,2,Self-conditioned Embedding Diffusion for Text Generation Can continuous diffusion models bring the same performance breakthrough on natural language they did for image generation? To circumvent the di
41,3,"Diffusion Models in Vision: A Survey Denoising diffusion models represent a recent emerging topic in computer vision, demonstrating remarkable results in the area of generative modeling. A diffusion m"
42,1,"Precursor-of-Anomaly Detection for Irregular Time Series Anomaly detection is an important field that aims to identify unexpected patterns or data points, and it is closely related to many real-world "
42,2,"Deep Positive-Unlabeled Anomaly Detection for Contaminated Unlabeled Data Semi-supervised anomaly detection, which aims to improve the anomaly detection performance by using a small amount of labeled "
42,3,"Possibility for Proactive Anomaly Detection Time-series anomaly detection, which detects errors and failures in a workflow, is one of the most important topics in real-world applications. The purpose "
43,1,Noise-Robust Deep Spiking Neural Networks with Temporal Information Spiking neural networks (SNNs) have emerged as energy-efficient neural networks with temporal information. SNNs have shown a superio
43,2,Temporal Misalignment in ANN-SNN Conversion and Its Mitigation via Probabilistic Spiking Neurons Spiking Neural Networks (SNNs) offer a more energy-efficient alternative to Artificial Neural Networks 
43,3,"Unveiling the Potential of Spiking Dynamics in Graph Representation Learning through Spatial-Temporal Normalization and Coding Strategies In recent years, spiking neural networks (SNNs) have attracted"
44,1,"Contextual Bandits and Imitation Learning via Preference-Based Active Queries We consider the problem of contextual bandits and imitation learning, where the learner lacks direct knowledge of the exec"
44,2,"Neural Dueling Bandits: Preference-Based Optimization with Human Feedback Contextual dueling bandit is used to model the bandit problems, where a learner's goal is to find the best arm for a given con"
44,3,"Influential Bandits: Pulling an Arm May Change the Environment While classical formulations of multi-armed bandit problems assume that each arm's reward is independent and stationary, real-world appli"
45,1,"Individual Fairness In Strategic Classification Strategic classification, where individuals modify their features to influence machine learning (ML) decisions, presents critical fairness challenges. W"
45,2,AI Fairness in Practice Reaching consensus on a commonly accepted definition of AI Fairness has long been a central challenge in AI ethics and governance. There is a broad spectrum of views across soc
45,3,"Probabilistic Verification of Neural Networks Against Group Fairness Fairness is crucial for neural networks which are used in applications with important societal implication. Recently, there have be"
46,1,STAR: Stability-Inducing Weight Perturbation for Continual Learning Humans can naturally learn new and varying tasks in a sequential manner. Continual learning is a class of learning algorithms that u
46,2,"Continual Learning: Applications and the Road Forward Continual learning is a subfield of machine learning, which aims to allow machine learning models to continuously learn on new data, by accumulati"
46,3,Continual Feature Selection: Spurious Features in Continual Learning Continual Learning (CL) is the research field addressing learning without forgetting when the data distribution is not static. This
47,1,"A Novel Approach to Malicious Code Detection Using CNN-BiLSTM and Feature Fusion With the rapid advancement of Internet technology, the threat of malware to computer systems and network security has i"
47,2,"Explainable Artificial Intelligence (XAI) for Malware Analysis: A Survey of Techniques, Applications, and Open Challenges Machine learning (ML) has rapidly advanced in recent years, revolutionizing fi"
47,3,Malware Squid: A Novel IoT Malware Traffic Analysis Framework using Convolutional Neural Network and Binary Visualisation Internet of Things devices have seen a rapid growth and popularity in recent y
48,1,Limitations in Employing Natural Language Supervision for Sensor-Based Human Activity Recognition -- And Ways to Overcome Them Cross-modal contrastive pre-training between natural language and other m
48,2,"Human Activity Recognition using Attribute-Based Neural Networks and Context Information We consider human activity recognition (HAR) from wearable sensor data in manual-work processes, like warehouse"
48,3,"HAR-GCNN: Deep Graph CNNs for Human Activity Recognition From Highly Unlabeled Mobile Sensor Data The problem of human activity recognition from mobile sensor data applies to multiple domains, such as"
49,1,Sentiment analysis and opinion mining on educational data: A survey Sentiment analysis AKA opinion mining is one of the most widely used NLP applications to identify human intentions from their review
49,2,USA: Universal Sentiment Analysis Model & Construction of Japanese Sentiment Text Classification and Part of Speech Dataset Sentiment analysis is a pivotal task in the domain of natural language proce
49,3,"LLaMAs Have Feelings Too: Unveiling Sentiment and Emotion Representations in LLaMA Models Through Probing Large Language Models (LLMs) have rapidly become central to NLP, demonstrating their ability t"
50,1,"Tacit Learning with Adaptive Information Selection for Cooperative Multi-Agent Reinforcement Learning In multi-agent reinforcement learning (MARL), the centralized training with decentralized executio"
50,2,"A Cooperation Graph Approach for Multiagent Sparse Reward Reinforcement Learning Multiagent reinforcement learning (MARL) can solve complex cooperative tasks. However, the efficiency of existing MARL "
50,3,Context-Aware Bayesian Network Actor-Critic Methods for Cooperative Multi-Agent Reinforcement Learning Executing actions in a correlated manner is a common strategy for human coordination that often l
51,1,Deep Reinforcement Learning for Dynamic Resource Allocation in Wireless Networks This report investigates the application of deep reinforcement learning (DRL) algorithms for dynamic resource allocatio
51,2,Evolutionary Deep Reinforcement Learning for Dynamic Slice Management in O-RAN The next-generation wireless networks are required to satisfy a variety of services and criteria concurrently. To address
51,3,"DRL Optimization Trajectory Generation via Wireless Network Intent-Guided Diffusion Models for Optimizing Resource Allocation With the rapid advancements in wireless communication fields, including lo"
52,1,"Load and Renewable Energy Forecasting Using Deep Learning for Grid Stability As the energy landscape changes quickly, grid operators face several challenges, especially when integrating renewable ener"
52,2,"Combating Uncertainties in Wind and Distributed PV Energy Sources Using Integrated Reinforcement Learning and Time-Series Forecasting Renewable energy sources, such as wind and solar power, are increa"
52,3,"Predicting Short Term Energy Demand in Smart Grid: A Deep Learning Approach for Integrating Renewable Energy Sources in Line with SDGs 7, 9, and 13 Integrating renewable energy sources into the power "
53,1,VLM-3R: Vision-Language Models Augmented with Instruction-Aligned 3D Reconstruction The rapid advancement of Large Multimodal Models (LMMs) for 2D images and videos has motivated extending these model
53,2,"Spatial Reasoning in Multimodal Large Language Models: A Survey of Tasks, Benchmarks and Methods Spatial reasoning, which requires ability to perceive and manipulate spatial relationships in the 3D wo"
53,3,Spatial 3D-LLM: Exploring Spatial Awareness in 3D Vision-Language Models New era has unlocked exciting possibilities for extending Large Language Models (LLMs) to tackle 3D vision-language tasks. Howe
54,1,Self-Improved Learning for Scalable Neural Combinatorial Optimization The end-to-end neural combinatorial optimization (NCO) method shows promising performance in solving complex combinatorial optimiz
54,2,"Solving Dynamic Graph Problems with Multi-Attention Deep Reinforcement Learning Graph problems such as traveling salesman problem, or finding minimal Steiner trees are widely studied and used in data "
54,3,Learning for routing: A guided review of recent developments and future directions This paper reviews the current progress in applying machine learning (ML) tools to solve NP-hard combinatorial optimi
55,1,Uplink Assisted Joint Channel Estimation and CSI Feedback: An Approach Based on Deep Joint Source-Channel Coding In frequency division duplex (FDD) multiple-input multiple-output (MIMO) wireless commu
55,2,Attention Aided CSI Wireless Localization Deep neural networks (DNNs) have become a popular approach for wireless localization based on channel state information (CSI). A common practice is to use the
55,3,"A MIMO Wireless Channel Foundation Model via CIR-CSI Consistency In the field of artificial intelligence, self-supervised learning has demonstrated superior generalization capabilities by leveraging l"
56,1,Enhancing Spatiotemporal Traffic Prediction through Urban Human Activity Analysis Traffic prediction is one of the key elements to ensure the safety and convenience of citizens. Existing traffic predi
56,2,Towards Explainable Traffic Flow Prediction with Large Language Models Traffic forecasting is crucial for intelligent transportation systems. It has experienced significant advancements thanks to the 
56,3,"Learning dynamic and hierarchical traffic spatiotemporal features with Transformer Traffic forecasting is an indispensable part of Intelligent transportation systems (ITS), and long-term network-wide "
57,1,"PreP-OCR: A Complete Pipeline for Document Image Restoration and Enhanced OCR Accuracy This paper introduces PreP-OCR, a two-stage pipeline that combines document image restoration with semantic-aware"
57,2,Advancements and Challenges in Arabic Optical Character Recognition: A Comprehensive Survey Optical character recognition (OCR) is a vital process that involves the extraction of handwritten or printe
57,3,"KITAB-Bench: A Comprehensive Multi-Domain Benchmark for Arabic OCR and Document Understanding With the growing adoption of Retrieval-Augmented Generation (RAG) in document processing, robust text reco"
58,1,Reasoning in Neurosymbolic AI Knowledge representation and reasoning in neural networks have been a long-standing endeavor which has attracted much attention recently. The principled integration of re
58,2,A Comparison of Recent Algorithms for Symbolic Regression to Genetic Programming Symbolic regression is a machine learning method with the goal to produce interpretable results. Unlike other machine l
58,3,"Compositional Generalization Across Distributional Shifts with Sparse Tree Operations Neural networks continue to struggle with compositional generalization, and this issue is exacerbated by a lack of"
59,1,"EVIT: Event-Oriented Instruction Tuning for Event Reasoning Events refer to specific occurrences, incidents, or happenings that take place under a particular background. Event reasoning aims to infer "
59,2,Event Argument Extraction using Causal Knowledge Structures Event Argument extraction refers to the task of extracting structured information from unstructured text for a particular event of interest.
59,3,Token-Event-Role Structure-based Multi-Channel Document-Level Event Extraction Document-level event extraction is a long-standing challenging information retrieval problem involving a sequence of sub-
60,1,Gradient Knowledge Distillation for Pre-trained Language Models Knowledge distillation (KD) is an effective framework to transfer knowledge from a large-scale teacher to a compact yet well-performing 
60,2,"UNDO: Understanding Distillation as Optimization Knowledge distillation has emerged as an effective strategy for compressing large language models' (LLMs) knowledge into smaller, more efficient studen"
60,3,"Improved knowledge distillation by utilizing backward pass knowledge in neural networks Knowledge distillation (KD) is one of the prominent techniques for model compression. In this method, the knowle"
61,1,"Hybrid Firefly-Genetic Algorithm for Single and Multi-dimensional 0-1 Knapsack Problems This paper addresses the challenges faced by algorithms, such as the Firefly Algorithm (FA) and the Genetic Algo"
61,2,"Deep Insights into Automated Optimization with Large Language Models and Evolutionary Algorithms Designing optimization approaches, whether heuristic or meta-heuristic, usually demands extensive manua"
61,3,"Multi-Space Evolutionary Search for Large-Scale Optimization In recent years, to improve the evolutionary algorithms used to solve optimization problems involving a large number of decision variables,"
62,1,PlantDiseaseNet-RT50: A Fine-tuned ResNet50 Architecture for High-Accuracy Plant Disease Detection Beyond Standard CNNs Plant diseases pose a significant threat to agricultural productivity and global
62,2,"Leaf diseases detection using deep learning methods This study, our main topic is to devlop a new deep-learning approachs for plant leaf disease identification and detection using leaf image datasets."
62,3,"An efficient plant disease detection using transfer learning approach Plant diseases pose significant challenges to farmers and the agricultural sector at large. However, early detection of plant dise"
63,1,"Creativity in AI: Progresses and Challenges Creativity is the ability to produce novel, useful, and surprising ideas, and has been widely studied as a crucial aspect of human cognition. Machine creati"
63,2,AI and the creative realm: A short review of current and future applications This study explores the concept of creativity and artificial intelligence (AI) and their recent integration. While AI has t
63,3,Can AI Be as Creative as Humans? Creativity serves as a cornerstone for societal progress and innovation. With the rise of advanced generative AI models capable of tasks once reserved for human creati
64,1,Advancing machine fault diagnosis: A detailed examination of convolutional neural networks The growing complexity of machinery and the increasing demand for operational efficiency and safety have driv
64,2,An Explainable Artificial Intelligence Approach for Unsupervised Fault Detection and Diagnosis in Rotating Machinery The monitoring of rotating machinery is an essential task in today's production pro
64,3,Image-based Novel Fault Detection with Deep Learning Classifiers using Hierarchical Labels One important characteristic of modern fault classification systems is the ability to flag the system when fa
65,1,Domain Knowledge-Based Automated Analog Circuit Design with Deep Reinforcement Learning The design automation of analog circuits is a longstanding challenge in the integrated circuit field. This paper
65,2,Large Language Model for Verilog Code Generation: Literature Review and the Road Ahead Code generation has emerged as a critical research area at the intersection of Software Engineering (SE) and Arti
65,3,"AUTOCIRCUIT-RL: Reinforcement Learning-Driven LLM for Automated Circuit Topology Generation Analog circuit topology synthesis is integral to Electronic Design Automation (EDA), enabling the automated "
66,1,"A Comprehensive Survey on Deep Clustering: Taxonomy, Challenges, and Future Directions Clustering is a fundamental machine learning task which has been widely studied in the literature. Classic cluste"
66,2,"Towards Explainable Clustering: A Constrained Declarative based Approach The domain of explainable AI is of interest in all Machine Learning fields, and it is all the more important in clustering, an "
66,3,"Deep Descriptive Clustering Recent work on explainable clustering allows describing clusters when the features are interpretable. However, much modern machine learning focuses on complex data such as "
67,1,"New Evaluation Metrics Capture Quality Degradation due to LLM Watermarking With the increasing use of large-language models (LLMs) like ChatGPT, watermarking has emerged as a promising approach for tr"
67,2,"Transferable Black-Box One-Shot Forging of Watermarks via Image Preference Models Recent years have seen a surge in interest in digital content watermarking techniques, driven by the proliferation of "
67,3,"On the Learnability of Watermarks for Language Models Watermarking of language model outputs enables statistical detection of model-generated text, which can mitigate harms and misuses of language mod"
68,1,"Ontology Generation using Large Language Models The ontology engineering process is complex, time-consuming, and error-prone, even for experienced ontology engineers. In this work, we investigate the "
68,2,"Assessing the Capability of Large Language Models for Domain-Specific Ontology Generation Large Language Models (LLMs) have shown significant potential for ontology engineering. However, it is still u"
68,3,"Ontology Reuse: the Real Test of Ontological Design Reusing ontologies in practice is still very challenging, especially when multiple ontologies are (jointly) involved. Moreover, despite recent advan"
69,1,"Effective Neural Topic Modeling with Embedding Clustering Regularization Topic models have been prevalent for decades with various applications. However, existing topic models commonly suffer from the"
69,2,"Labeled Interactive Topic Models Topic models are valuable for understanding extensive document collections, but they don't always identify the most relevant topics. Classical probabilistic and anchor"
69,3,"Qualitative Insights Tool (QualIT): LLM Enhanced Topic Modeling Topic modeling is a widely used technique for uncovering thematic structures from large text corpora. However, most topic modeling appro"
70,1,"A Named Entity Recognition and Topic Modeling-based Solution for Locating and Better Assessment of Natural Disasters in Social Media Over the last decade, similar to other application domains, social "
70,2,"Classifying vaccine sentiment tweets by modelling domain-specific representation and commonsense knowledge into context-aware attentive GRU Vaccines are an important public health measure, but vaccine"
70,3,Fine-tuned Sentiment Analysis of COVID-19 Vaccine-Related Social Media Data: Comparative Study This study investigated and compared public sentiment related to COVID-19 vaccines expressed on two popul
71,1,"Process Comparison Using Object-Centric Process Cubes Process mining provides ways to analyze business processes. Common process mining techniques consider the process as a whole. However, in real-lif"
71,2,Discovering Hierarchical Process Models: an Approach Based on Events Clustering Process mining is a field of computer science that deals with discovery and analysis of process models based on automati
71,3,Extracting Semantic Process Information from the Natural Language in Event Logs Process mining focuses on the analysis of recorded event data in order to gain insights about the true execution of busi
72,1,Enhancing Phishing Email Identification with Large Language Models Phishing has long been a common tactic used by cybercriminals and continues to pose a significant threat in today's digital world. Wh
72,2,Lateral Phishing With Large Language Models: A Large Organization Comparative Study The emergence of Large Language Models (LLMs) has heightened the threat of phishing emails by enabling the generatio
72,3,Next-Generation Phishing: How LLM Agents Empower Cyber Attackers The escalating threat of phishing emails has become increasingly sophisticated with the rise of Large Language Models (LLMs). As attack
73,1,"From Pixels to Insights: A Survey on Automatic Chart Understanding in the Era of Large Foundation Models Data visualization in the form of charts plays a pivotal role in data analysis, offering critic"
73,2,START: Spatial and Textual Learning for Chart Understanding Chart understanding is crucial for deploying multimodal large language models (MLLMs) in real-world scenarios such as analyzing scientific p
73,3,Are Large Vision Language Models up to the Challenge of Chart Comprehension and Reasoning? An Extensive Investigation into the Capabilities and Limitations of LVLMs Natural language is a powerful comp
74,1,WilKE: Wise-Layer Knowledge Editor for Lifelong Knowledge Editing Knowledge editing aims to rectify inaccuracies in large language models (LLMs) without costly retraining for outdated or erroneous kno
74,2,Uncovering Overfitting in Large Language Model Editing Knowledge editing has been proposed as an effective method for updating and correcting the internal knowledge of Large Language Models (LLMs). Ho
74,3,Should We Really Edit Language Models? On the Evaluation of Edited Language Models Model editing has become an increasingly popular alternative for efficiently updating knowledge within language model
75,1,Contrastive Learning with Narrative Twins for Modeling Story Salience Understanding narratives requires identifying which events are most salient for a story's progression. We present a contrastive le
75,2,"Open-world Story Generation with Structured Knowledge Enhancement: A Comprehensive Survey Storytelling and narrative are fundamental to human experience, intertwined with our social and cultural engag"
75,3,"Can LLMs Generate Good Stories? Insights and Challenges from a Narrative Planning Perspective Story generation has been a prominent application of Large Language Models (LLMs). However, understanding "
76,1,"MS2SL: Multimodal Spoken Data-Driven Continuous Sign Language Production Sign language understanding has made significant strides; however, there is still no viable solution for generating sign sequen"
76,2,Pose-Based Sign Language Spotting via an End-to-End Encoder Architecture Automatic Sign Language Recognition (ASLR) has emerged as a vital field for bridging the gap between deaf and hearing communiti
76,3,Using Sign Language Production as Data Augmentation to enhance Sign Language Translation Machine learning models fundamentally rely on large quantities of high-quality data. Collecting the necessary d
77,1,"Was that Sarcasm?: A Literature Survey on Sarcasm Detection Sarcasm is hard to interpret as human beings. Being able to interpret sarcasm is often termed as a sign of intelligence, given the complex n"
77,2,"Computational Sarcasm Analysis on Social Media: A Systematic Review Sarcasm can be defined as saying or writing the opposite of what one truly wants to express, usually to insult, irritate, or amuse s"
77,3,sarcasm detection and quantification in arabic tweets The role of predicting sarcasm in the text is known as automatic sarcasm detection. Given the prevalence and challenges of sarcasm in sentiment-be
78,1,"Are Language Models Sensitive to Morally Irrelevant Distractors? With the rapid development and uptake of large language models (LLMs) across high-stakes settings, it is increasingly important to ensu"
78,2,Discerning What Matters: A Multi-Dimensional Assessment of Moral Competence in LLMs Moral competence is the ability to act in accordance with moral principles. As large language models (LLMs) are incr
78,3,"M$^3$oralBench: A MultiModal Moral Benchmark for LVLMs Recently, large foundation models, including large language models (LLMs) and large vision-language models (LVLMs), have become essential tools i"
79,1,"Locally Interpretable One-Class Anomaly Detection for Credit Card Fraud Detection For the highly imbalanced credit card fraud detection problem, most existing methods either use data augmentation meth"
79,2,Semi-supervised Credit Card Fraud Detection via Attribute-Driven Graph Representation Credit card fraud incurs a considerable cost for both cardholders and issuing banks. Contemporary methods apply ma
79,3,"Heterogeneous Graph Auto-Encoder for CreditCard Fraud Detection The digital revolution has significantly impacted financial transactions, leading to a notable increase in credit card usage. However, t"
80,1,Sports Intelligence: Assessing the Sports Understanding Capabilities of Language Models through Question Answering from Text to Video Understanding sports is crucial for the advancement of Natural Lan
80,2,Action valuation of on- and off-ball soccer players based on multi-agent deep reinforcement learning Analysis of invasive sports such as soccer is challenging because the game situation changes contin
80,3,"Simulating Tracking Data to Advance Sports Analytics Research Advanced analytics have transformed how sports teams operate, particularly in episodic sports like baseball. Their impact on continuous in"
81,1,Perturbation-based Active Learning for Question Answering Building a question answering (QA) model with less annotation costs can be achieved by utilizing active learning (AL) training strategy. It se
81,2,"Optimizing Multi-Domain Performance with Active Learning-based Improvement Strategies Improving performance in multiple domains is a challenging task, and often requires significant amounts of data to"
81,3,"Efficient Human-in-the-Loop Active Learning: A Novel Framework for Data Labeling in AI Systems Modern AI algorithms require labeled data. In real world, majority of data are unlabeled. Labeling the da"
82,1,"Edge-Enhanced Dual Discriminator Generative Adversarial Network for Fast MRI with Parallel Imaging Using Multi-view Information In clinical medicine, magnetic resonance imaging (MRI) is one of the mos"
82,2,Advancing MRI Reconstruction: A Systematic Review of Deep Learning and Compressed Sensing Integration Magnetic resonance imaging (MRI) is a non-invasive imaging modality and provides comprehensive ana
82,3,"CL-MRI: Self-Supervised Contrastive Learning to Improve the Accuracy of Undersampled MRI Reconstruction In Magnetic Resonance Imaging (MRI), image acquisitions are often undersampled in the measuremen"
83,1,Reasoning BO: Enhancing Bayesian Optimization with Long-Context Reasoning Power of LLMs Many real-world scientific and industrial applications require the optimization of expensive black-box functions
83,2,"Transfer Learning for Bayesian Optimization: A Survey A wide spectrum of design and decision problems, including parameter tuning, A/B testing and drug design, intrinsically are instances of black-box"
83,3,"End-to-End Learning of Deep Kernel Acquisition Functions for Bayesian Optimization For Bayesian optimization (BO) on high-dimensional data with complex structure, neural network-based kernels for Gaus"
84,1,Diffusion Model with Clustering-based Conditioning for Food Image Generation Image-based dietary assessment serves as an efficient and accurate solution for recording and analyzing nutrition intake us
84,2,Personalized Food Recommendation as Constrained Question Answering over a Large-scale Food Knowledge Graph Food recommendation has become an important means to help guide users to adopt healthy dietar
84,3,FIRE: Food Image to REcipe generation Food computing has emerged as a prominent multidisciplinary field of research in recent years. An ambitious goal of food computing is to develop end-to-end intell
85,1,Bridging Planning and Execution: Multi-Agent Path Finding Under Real-World Deadlines The Multi-Agent Path Finding (MAPF) problem aims to find collision-free paths for multiple agents while optimizing 
85,2,Budget Allocation Policies for Real-Time Multi-Agent Path Finding Multi-Agent Pathfinding (MAPF) is the problem of finding paths for a set of agents such that each agent reaches its desired destinatio
85,3,Flexible and Explainable Solutions for Multi-Agent Path Finding Problems The multi-agent path finding (MAPF) problem is a combinatorial search problem that aims at finding paths for multiple agents (e
86,1,"ArgU: A Controllable Factual Argument Generator Effective argumentation is essential towards a purposeful conversation with a satisfactory outcome. For example, persuading someone to reconsider smokin"
86,2,"Towards Comprehensive Argument Analysis in Education: Dataset, Tasks, and Method Argument mining has garnered increasing attention over the years, with the recent advancement of Large Language Models "
86,3,AutoAM: An End-To-End Neural Model for Automatic and Universal Argument Mining Argument mining is to analyze argument structure and extract important argument information from unstructured text. An ar
87,1,"AstroCLIP: A Cross-Modal Foundation Model for Galaxies We present AstroCLIP, a single, versatile model that can embed both galaxy images and spectra into a shared, physically meaningful latent space. "
87,2,"Semi-Supervised Domain Adaptation for Cross-Survey Galaxy Morphology Classification and Anomaly Detection In the era of big astronomical surveys, our ability to leverage artificial intelligence algori"
87,3,Galaxy spectroscopy without spectra: Galaxy properties from photometric images with conditional diffusion models Modern spectroscopic surveys can only target a small fraction of the vast amount of pho
88,1,Learn to Code Sustainably: An Empirical Study on LLM-based Green Code Generation The increasing use of information technology has led to a significant share of energy consumption and carbon emissions 
88,2,"The Hidden AI Race: Tracking Environmental Costs of Innovation The past decade has seen a massive rise in the popularity of AI systems, mainly owing to the developments in Gen AI, which has revolution"
88,3,"Optimizing Large Language Models: Metrics, Energy Efficiency, and Case Study Insights The rapid adoption of large language models (LLMs) has led to significant energy consumption and carbon emissions,"
89,1,"Data Cleansing for GANs As the application of generative adversarial networks (GANs) expands, it becomes increasingly critical to develop a unified approach that improves performance across various ge"
89,2,A Comprehensive Survey on Data-Efficient GANs in Image Generation Generative Adversarial Networks (GANs) have achieved remarkable achievements in image synthesis. These successes of GANs rely on large
89,3,"A review of Generative Adversarial Networks (GANs) and its applications in a wide variety of disciplines -- From Medical to Remote Sensing We look into Generative Adversarial Network (GAN), its preval"
90,1,Generative Job Recommendations with Large Language Model The rapid development of online recruitment services has encouraged the utilization of recommender systems to streamline the job seeking proces
90,2,Learning Job Titles Similarity from Noisy Skill Labels Measuring semantic similarity between job titles is an essential functionality for automatic job recommendations. This task is usually approached
90,3,"CareerBERT: Matching Resumes to ESCO Jobs in a Shared Embedding Space for Generic Job Recommendations The rapidly evolving labor market, driven by technological advancements and economic shifts, prese"
91,1,"Iterative missing value imputation based on feature importance Many datasets suffer from missing values due to various reasons,which not only increases the processing difficulty of related tasks but a"
91,2,Deep Imputation of Missing Values in Time Series Health Data: A Review with Benchmarking The imputation of missing values in multivariate time series (MTS) data is critical in ensuring data quality an
91,3,"On the Performance of Imputation Techniques for Missing Values on Healthcare Datasets Missing values or data is one popular characteristic of real-world datasets, especially healthcare data. This coul"
92,1,"One Transformer for All Time Series: Representing and Training with Time-Dependent Heterogeneous Tabular Data There is a recent growing interest in applying Deep Learning techniques to tabular data, i"
92,2,Between-Sample Relationship in Learning Tabular Data Using Graph and Attention Networks Traditional machine learning assumes samples in tabular data to be independent and identically distributed (i.i.
92,3,"Transfer Learning of Tabular Data by Finetuning Large Language Models Despite the artificial intelligence (AI) revolution, deep learning has yet to achieve much success with tabular data due to hetero"
93,1,"Reinforcement Learning for Safe Occupancy Strategies in Educational Spaces during an Epidemic Epidemic modeling, encompassing deterministic and stochastic approaches, is vital for understanding infect"
93,2,EpiGNN: Exploring Spatial Transmission with Graph Neural Network for Regional Epidemic Forecasting Epidemic forecasting is the key to effective control of epidemic transmission and helps the world mit
93,3,"Epidemiology-Aware Neural ODE with Continuous Disease Transmission Graph Effective epidemic forecasting is critical for public health strategies and efficient medical resource allocation, especially i"
94,1,Blockchain-based Monitoring for Poison Attack Detection in Decentralized Federated Learning Federated Learning (FL) is a machine learning technique that addresses the privacy challenges in terms of ac
94,2,"Enhancing Trust and Privacy in Distributed Networks: A Comprehensive Survey on Blockchain-based Federated Learning While centralized servers pose a risk of being a single point of failure, decentraliz"
94,3,Privacy-Preserving in Blockchain-based Federated Learning Systems Federated Learning (FL) has recently arisen as a revolutionary approach to collaborative training Machine Learning models. According t
95,1,"Valid Selection among Conformal Sets Conformal prediction offers a distribution-free framework for constructing prediction sets with coverage guarantees. In practice, multiple valid conformal predicti"
95,2,Predictive Inference with Feature Conformal Prediction Conformal prediction is a distribution-free technique for establishing valid prediction intervals. Although conventionally people conduct conform
95,3,Zono-Conformal Prediction: Zonotope-Based Uncertainty Quantification for Regression and Classification Tasks Conformal prediction is a popular uncertainty quantification method that augments a base pr
96,1,Reward Modeling for Mitigating Toxicity in Transformer-based Language Models Transformer-based language models are able to generate fluent text and be efficiently adapted across various natural langua
96,2,GloSS over Toxicity: Understanding and Mitigating Toxicity in LLMs via Global Toxic Subspace This paper investigates the underlying mechanisms of toxicity generation in Large Language Models (LLMs) an
96,3,Mitigating Text Toxicity with Counterfactual Generation Toxicity mitigation consists in rephrasing text in order to remove offensive or harmful meaning. Neural natural language processing (NLP) models
97,1,"Gaze-VLM:Bridging Gaze and VLMs through Attention Regularization for Egocentric Understanding Eye gaze offers valuable cues about attention, short-term intent, and future actions, making it a powerful"
97,2,Eye Gaze Estimation Model Analysis We explore techniques for eye gaze estimation using machine learning. Eye gaze estimation is a common problem for various behavior analysis and human-computer interf
97,3,"LNSMM: Eye Gaze Estimation With Local Network Share Multiview Multitask Eye gaze estimation has become increasingly significant in computer vision.In this paper,we systematically study the mainstream "
98,1,"When Generative AI Meets Extended Reality: Enabling Scalable and Natural Interactions Extended Reality (XR), including virtual, augmented, and mixed reality, provides immersive and interactive experie"
98,2,"Transcending Dimensions using Generative AI: Real-Time 3D Model Generation in Augmented Reality Traditional 3D modeling requires technical expertise, specialized software, and time-intensive processes"
98,3,"VR-GPT: Visual Language Model for Intelligent Virtual Reality Applications The advent of immersive Virtual Reality applications has transformed various domains, yet their integration with advanced art"
